{
  "name": "root",
  "total": 97.48122049899996,
  "count": 1,
  "self": 97.48122049899996
}